"id","prediction"
2,"Yes"
3,"Yes"
5,"No"
13,"No"
23,"Yes"
25,"No"
27,"No"
34,"No"
41,"No"
42,"No"
45,"No"
46,"Yes"
59,"No"
60,"Yes"
71,"No"
73,"Yes"
75,"Yes"
82,"No"
83,"No"
86,"No"
88,"No"
100,"No"
105,"Yes"
107,"No"
111,"No"
115,"Yes"
116,"No"
123,"Yes"
130,"Yes"
153,"No"
158,"Yes"
159,"Yes"
163,"No"
167,"No"
176,"No"
182,"Yes"
186,"Yes"
189,"Yes"
201,"Yes"
203,"Yes"
208,"Yes"
209,"No"
212,"Yes"
217,"No"
219,"Yes"
224,"Yes"
245,"No"
246,"Yes"
248,"No"
251,"No"
254,"No"
269,"No"
270,"Yes"
281,"Yes"
291,"No"
297,"Yes"
300,"Yes"
301,"Yes"
305,"No"
307,"No"
308,"No"
316,"No"
318,"Yes"
322,"Yes"
328,"Yes"
330,"No"
331,"No"
335,"Yes"
336,"No"
337,"No"
341,"No"
342,"No"
345,"Yes"
351,"No"
365,"No"
366,"Yes"
377,"Yes"
381,"No"
382,"Yes"
394,"No"
397,"No"
400,"Yes"
403,"Yes"
409,"No"
410,"No"
411,"Yes"
416,"No"
420,"No"
430,"No"
440,"No"
452,"No"
460,"No"
469,"Yes"
471,"Yes"
493,"No"
496,"Yes"
514,"Yes"
515,"Yes"
550,"Yes"
552,"Yes"
555,"Yes"
560,"No"
564,"Yes"
566,"Yes"
572,"Yes"
573,"No"
579,"Yes"
589,"No"
592,"No"
594,"Yes"
598,"Yes"
609,"No"
616,"Yes"
621,"Yes"
622,"No"
626,"No"
628,"Yes"
632,"Yes"
635,"No"
640,"Yes"
649,"Yes"
650,"No"
658,"No"
663,"No"
665,"No"
666,"No"
670,"Yes"
675,"Yes"
680,"Yes"
689,"No"
692,"No"
695,"Yes"
701,"No"
702,"No"
707,"No"
722,"No"
723,"No"
725,"Yes"
729,"Yes"
732,"No"
735,"Yes"
744,"No"
745,"Yes"
748,"No"
749,"No"
765,"No"
766,"No"
769,"No"
770,"Yes"
772,"No"
773,"Yes"
775,"No"
779,"No"
781,"Yes"
787,"No"
793,"Yes"
795,"Yes"
796,"Yes"
801,"Yes"
802,"No"
805,"No"
806,"Yes"
811,"No"
812,"No"
822,"No"
823,"Yes"
825,"Yes"
829,"No"
834,"Yes"
835,"No"
836,"No"
838,"Yes"
844,"Yes"
845,"Yes"
852,"No"
859,"Yes"
864,"Yes"
871,"No"
875,"No"
878,"Yes"
879,"No"
884,"No"
886,"Yes"
889,"Yes"
893,"No"
894,"No"
905,"Yes"
907,"Yes"
908,"No"
913,"Yes"
914,"Yes"
918,"No"
928,"Yes"
931,"Yes"
933,"Yes"
934,"Yes"
943,"Yes"
949,"Yes"
952,"No"
953,"No"
957,"No"
960,"No"
962,"Yes"
970,"Yes"
978,"No"
981,"Yes"
986,"No"
992,"No"
1000,"Yes"
1002,"No"
1003,"No"
1006,"Yes"
1007,"Yes"
1011,"Yes"
1015,"Yes"
1017,"Yes"
1026,"No"
1033,"No"
1036,"No"
1038,"No"
1040,"No"
1041,"No"
1049,"No"
1055,"No"
1057,"Yes"
1060,"Yes"
1062,"No"
1064,"Yes"
1065,"Yes"
1071,"Yes"
1083,"Yes"
1088,"Yes"
1089,"Yes"
1090,"Yes"
1093,"Yes"
1105,"Yes"
1109,"Yes"
1113,"No"
1117,"No"
1121,"Yes"
1128,"No"
1132,"No"
1137,"Yes"
1156,"Yes"
1175,"Yes"
1184,"Yes"
1192,"No"
1195,"Yes"
1207,"Yes"
1208,"No"
1225,"No"
1226,"Yes"
1235,"No"
1239,"Yes"
1243,"Yes"
1249,"Yes"
1252,"Yes"
1258,"Yes"
1259,"Yes"
1270,"No"
1277,"Yes"
1279,"Yes"
1280,"No"
1281,"No"
1284,"Yes"
1299,"Yes"
1301,"No"
1304,"Yes"
1307,"Yes"
1309,"No"
1313,"Yes"
1314,"Yes"
1317,"Yes"
1321,"Yes"
1328,"No"
1329,"No"
1333,"No"
1334,"Yes"
1335,"Yes"
1338,"No"
1344,"Yes"
1345,"No"
1348,"No"
1349,"No"
1352,"No"
1357,"Yes"
1360,"No"
1373,"No"
1376,"No"
1384,"Yes"
1388,"No"
1389,"No"
1392,"No"
1395,"Yes"
1398,"No"
1399,"Yes"
1400,"Yes"
1405,"Yes"
1412,"No"
1414,"No"
1418,"No"
1419,"Yes"
1422,"Yes"
1440,"No"
1449,"No"
1452,"No"
1465,"No"
1474,"No"
1475,"Yes"
1479,"Yes"
1481,"No"
1486,"Yes"
1498,"No"
1511,"Yes"
1519,"No"
1534,"No"
1536,"Yes"
1546,"Yes"
1552,"No"
1555,"No"
1568,"No"
1569,"Yes"
1572,"No"
1573,"Yes"
1575,"Yes"
1578,"Yes"
1579,"Yes"
1582,"No"
1584,"Yes"
1585,"Yes"
1588,"Yes"
1595,"No"
1600,"Yes"
1605,"No"
1616,"No"
1619,"No"
1629,"Yes"
1638,"Yes"
1641,"Yes"
1645,"No"
1650,"Yes"
1656,"Yes"
1658,"Yes"
1680,"Yes"
1690,"Yes"
1693,"Yes"
1695,"No"
1713,"No"
1719,"No"
1720,"Yes"
1729,"Yes"
1733,"Yes"
1741,"Yes"
1742,"Yes"
1743,"No"
1746,"No"
1747,"No"
1750,"Yes"
1754,"Yes"
1761,"Yes"
1763,"Yes"
1769,"Yes"
1781,"Yes"
1788,"No"
1794,"No"
1796,"Yes"
1808,"Yes"
1826,"Yes"
1831,"No"
1841,"No"
1844,"Yes"
1845,"Yes"
1850,"No"
1852,"No"
1855,"No"
1860,"Yes"
1872,"Yes"
1878,"Yes"
1881,"Yes"
1883,"Yes"
1900,"Yes"
1905,"Yes"
1906,"No"
1914,"Yes"
1926,"Yes"
1928,"No"
1931,"No"
1932,"Yes"
1936,"Yes"
1937,"Yes"
1938,"No"
1941,"No"
1954,"No"
1956,"Yes"
1960,"No"
1961,"Yes"
1966,"No"
1971,"Yes"
1978,"Yes"
1979,"No"
1983,"No"
1984,"No"
1992,"No"
1996,"No"
2015,"No"
2016,"Yes"
2017,"No"
2019,"No"
2020,"No"
2022,"Yes"
2025,"Yes"
2026,"Yes"
2037,"Yes"
2039,"No"
2042,"Yes"
2043,"No"
2046,"No"
2056,"Yes"
2069,"No"
2073,"Yes"
2078,"Yes"
2079,"Yes"
2082,"No"
2087,"Yes"
2088,"No"
2092,"No"
2094,"No"
2109,"Yes"
2124,"Yes"
2126,"Yes"
2128,"No"
2130,"Yes"
2140,"Yes"
2148,"No"
2154,"Yes"
2163,"Yes"
2181,"No"
2184,"Yes"
2186,"Yes"
2201,"No"
2211,"Yes"
2216,"Yes"
2220,"Yes"
2232,"Yes"
2238,"No"
2251,"No"
2278,"Yes"
2285,"No"
2289,"No"
2300,"Yes"
2311,"No"
2322,"Yes"
2323,"No"
2325,"Yes"
2327,"No"
2331,"No"
2334,"Yes"
2345,"Yes"
2347,"No"
2349,"Yes"
2354,"Yes"
2360,"Yes"
2364,"No"
2369,"Yes"
2373,"Yes"
2378,"No"
2380,"No"
2390,"Yes"
2399,"No"
2401,"No"
2406,"Yes"
2407,"Yes"
2409,"No"
2413,"Yes"
2416,"Yes"
2423,"Yes"
2424,"No"
2428,"Yes"
2431,"Yes"
2435,"No"
2441,"Yes"
2443,"Yes"
2453,"No"
2455,"No"
2456,"Yes"
2463,"No"
2469,"Yes"
2471,"Yes"
2473,"Yes"
2486,"No"
2493,"Yes"
2495,"Yes"
2499,"Yes"
2505,"No"
2506,"No"
2509,"Yes"
2513,"No"
2517,"No"
2519,"Yes"
2524,"No"
2525,"No"
2529,"Yes"
2533,"No"
2544,"Yes"
2547,"Yes"
2550,"Yes"
2561,"No"
2578,"No"
2586,"Yes"
2590,"No"
2591,"Yes"
2592,"Yes"
2593,"No"
2607,"No"
2611,"Yes"
2615,"No"
2619,"Yes"
2620,"No"
2621,"Yes"
2623,"Yes"
2624,"Yes"
2625,"No"
2632,"Yes"
2635,"No"
2642,"No"
2643,"No"
2646,"Yes"
2652,"Yes"
2654,"Yes"
2657,"No"
2658,"No"
2659,"Yes"
2666,"No"
2678,"Yes"
2684,"No"
2692,"Yes"
2693,"Yes"
2694,"Yes"
2695,"Yes"
2705,"Yes"
2712,"No"
2717,"Yes"
2721,"Yes"
2724,"Yes"
2729,"No"
2731,"Yes"
2732,"Yes"
2733,"No"
2740,"Yes"
2752,"No"
2753,"Yes"
2755,"Yes"
2766,"Yes"
2775,"Yes"
2785,"Yes"
2789,"Yes"
2791,"Yes"
2794,"No"
2796,"Yes"
2800,"Yes"
2801,"No"
2810,"No"
2811,"No"
2819,"No"
2822,"No"
2829,"No"
2855,"Yes"
2861,"No"
2864,"No"
2865,"Yes"
2866,"No"
2871,"Yes"
2872,"Yes"
2876,"Yes"
2877,"Yes"
2878,"Yes"
2879,"No"
2888,"Yes"
2889,"No"
2905,"No"
2911,"Yes"
2916,"Yes"
2923,"No"
2933,"No"
2934,"Yes"
2938,"Yes"
2945,"Yes"
2950,"No"
2955,"Yes"
2956,"Yes"
2959,"No"
2962,"Yes"
2964,"Yes"
2965,"No"
2969,"Yes"
2971,"No"
2985,"Yes"
2992,"No"
2997,"Yes"
2998,"Yes"
3001,"No"
3012,"Yes"
3015,"No"
3020,"Yes"
3026,"No"
3030,"Yes"
3033,"No"
3035,"Yes"
3041,"Yes"
3048,"Yes"
3049,"No"
3053,"No"
3058,"Yes"
3059,"Yes"
3060,"No"
3063,"Yes"
3068,"Yes"
3071,"No"
3079,"No"
3091,"Yes"
3102,"Yes"
3105,"Yes"
3112,"Yes"
3120,"No"
3121,"Yes"
3123,"No"
3126,"Yes"
3131,"No"
3133,"No"
3140,"No"
3153,"Yes"
3159,"Yes"
3169,"Yes"
3174,"Yes"
3177,"No"
3179,"Yes"
3180,"Yes"
3181,"No"
3183,"Yes"
3187,"No"
3192,"No"
3193,"No"
3196,"Yes"
3197,"No"
3198,"Yes"
3208,"Yes"
3213,"Yes"
3216,"No"
3223,"Yes"
3232,"No"
3240,"No"
3247,"Yes"
3250,"Yes"
3253,"Yes"
3263,"Yes"
3273,"No"
3275,"Yes"
3277,"Yes"
3285,"No"
3295,"Yes"
3296,"Yes"
3297,"Yes"
3300,"Yes"
3303,"No"
3312,"No"
3314,"No"
3319,"Yes"
3323,"No"
3325,"No"
3330,"Yes"
3332,"Yes"
3333,"No"
3335,"Yes"
3344,"No"
3347,"No"
3351,"Yes"
3357,"Yes"
3360,"Yes"
3363,"Yes"
3370,"No"
3376,"No"
3379,"No"
3382,"No"
3383,"No"
3392,"Yes"
3405,"No"
3410,"No"
3414,"Yes"
3420,"No"
3428,"No"
3430,"No"
3445,"No"
3449,"Yes"
3468,"Yes"
3474,"No"
3477,"Yes"
3478,"Yes"
3484,"No"
3485,"No"
3489,"No"
3491,"No"
3496,"No"
3498,"Yes"
3503,"No"
3516,"No"
3521,"Yes"
3531,"No"
3548,"Yes"
3552,"No"
3554,"No"
3565,"No"
3568,"Yes"
3571,"No"
3586,"No"
3587,"Yes"
3593,"Yes"
3600,"No"
3602,"No"
3604,"No"
3607,"Yes"
3617,"No"
3619,"Yes"
3620,"No"
3623,"Yes"
3636,"Yes"
3640,"No"
3642,"No"
3643,"No"
3670,"No"
3673,"Yes"
3677,"Yes"
3679,"No"
3684,"No"
3687,"No"
3697,"No"
3701,"No"
3703,"No"
3710,"Yes"
3712,"Yes"
3713,"Yes"
3714,"Yes"
3716,"No"
3725,"Yes"
3732,"Yes"
3733,"Yes"
3740,"Yes"
3741,"No"
3743,"No"
3747,"Yes"
3748,"Yes"
3749,"Yes"
3753,"Yes"
3755,"No"
3759,"Yes"
3762,"Yes"
3763,"No"
3764,"Yes"
3775,"Yes"
3785,"No"
3788,"No"
3792,"Yes"
3793,"Yes"
3801,"Yes"
3807,"Yes"
3809,"Yes"
3810,"Yes"
3811,"Yes"
3812,"Yes"
3813,"Yes"
3819,"No"
3825,"No"
3832,"No"
3835,"No"
3836,"Yes"
3840,"Yes"
3854,"No"
3867,"No"
3869,"No"
3871,"Yes"
3880,"Yes"
3884,"Yes"
3894,"Yes"
3895,"Yes"
3896,"Yes"
3901,"No"
3902,"Yes"
3909,"Yes"
3910,"No"
3920,"No"
3924,"No"
3925,"No"
3933,"No"
3937,"Yes"
3946,"Yes"
3953,"No"
3957,"No"
3961,"Yes"
3962,"Yes"
3975,"Yes"
3976,"Yes"
3978,"Yes"
3981,"No"
3998,"Yes"
3999,"Yes"
4002,"No"
4005,"No"
4010,"Yes"
4011,"Yes"
4015,"Yes"
4018,"Yes"
4019,"No"
4021,"No"
4022,"No"
4030,"Yes"
4032,"No"
4035,"Yes"
4036,"No"
4040,"No"
4043,"Yes"
4047,"No"
4051,"No"
4056,"No"
4057,"Yes"
4060,"Yes"
4062,"No"
4065,"Yes"
4069,"No"
4070,"Yes"
4079,"No"
4081,"No"
4095,"No"
4099,"No"
4103,"No"
4109,"Yes"
4110,"Yes"
4117,"No"
4118,"No"
4119,"No"
4143,"No"
4145,"No"
4150,"Yes"
4153,"Yes"
4157,"Yes"
4161,"Yes"
4175,"Yes"
4180,"No"
4192,"No"
4198,"No"
4201,"No"
4207,"Yes"
4211,"Yes"
4223,"Yes"
4224,"Yes"
4256,"Yes"
4257,"No"
4258,"No"
4265,"No"
4290,"Yes"
4291,"No"
4299,"Yes"
4306,"Yes"
4312,"Yes"
4313,"Yes"
4326,"No"
4331,"No"
4336,"No"
4337,"Yes"
4338,"Yes"
4344,"Yes"
4349,"Yes"
4350,"Yes"
4354,"Yes"
4356,"No"
4361,"No"
4366,"Yes"
4387,"Yes"
4388,"No"
4389,"No"
4390,"Yes"
4392,"No"
4395,"Yes"
4400,"No"
4401,"No"
4409,"Yes"
4417,"Yes"
4419,"Yes"
4423,"No"
4424,"Yes"
4426,"No"
4428,"No"
4444,"Yes"
4446,"No"
4451,"No"
4455,"No"
4460,"Yes"
4466,"No"
4477,"Yes"
4480,"Yes"
4488,"Yes"
4489,"No"
4503,"No"
4504,"Yes"
4507,"Yes"
4514,"No"
4518,"No"
4522,"Yes"
4525,"No"
4528,"Yes"
4540,"Yes"
4546,"No"
4550,"No"
4552,"No"
4560,"No"
4561,"No"
4562,"No"
4563,"Yes"
4566,"No"
4569,"Yes"
4585,"Yes"
4586,"Yes"
4588,"Yes"
4590,"No"
4592,"No"
4596,"Yes"
4603,"Yes"
4604,"Yes"
4609,"No"
4611,"Yes"
4615,"No"
4617,"No"
4622,"No"
4624,"Yes"
4634,"No"
4641,"No"
4642,"Yes"
4644,"Yes"
4647,"No"
4652,"Yes"
4657,"No"
4668,"Yes"
4672,"No"
4683,"Yes"
4690,"No"
4693,"No"
4700,"Yes"
4712,"Yes"
4721,"No"
4724,"No"
4732,"Yes"
4741,"No"
4745,"Yes"
4748,"No"
4750,"Yes"
4768,"No"
4786,"Yes"
4788,"No"
4790,"No"
4793,"No"
4807,"No"
4808,"Yes"
4812,"No"
4819,"Yes"
4821,"No"
4827,"No"
4858,"Yes"
4863,"Yes"
4864,"Yes"
4866,"No"
4868,"Yes"
4879,"No"
4884,"Yes"
4889,"No"
4891,"Yes"
4893,"Yes"
4894,"Yes"
4896,"Yes"
4898,"No"
4903,"No"
4906,"Yes"
4909,"Yes"
4910,"Yes"
4919,"No"
4926,"Yes"
4928,"Yes"
4933,"No"
4942,"Yes"
4944,"No"
4948,"Yes"
4950,"No"
4951,"No"
4959,"No"
4967,"Yes"
4974,"No"
4979,"No"
4982,"Yes"
4983,"Yes"
4986,"Yes"
4997,"Yes"
5001,"Yes"
